INSERT INTO Chercheur (NSS, Nom, dateNaiss, nationalite) VALUES (192827397, 'Jeff boloss', '1964-01-12', 'Mexicain');
INSERT INTO Chercheur (NSS, Nom, dateNaiss, nationalite) VALUES (280204860, 'Fusajiro Yamauchi', '1859-11-22', 'Japonnais');
INSERT INTO Chercheur (NSS, Nom, dateNaiss, nationalite) VALUES (367814774, 'Dumoulin', '2003-06-07', 'Vietnamien');
INSERT INTO Chercheur (NSS, Nom, dateNaiss, nationalite) VALUES (394662471, 'Gaspar', '2003-10-28', 'Portugaise');
INSERT INTO Chercheur (NSS, Nom, dateNaiss, nationalite) VALUES (394823672, 'Steve Bob', '1955-02-24', 'USA');
INSERT INTO Chercheur (NSS, Nom, dateNaiss, nationalite) VALUES (602098422, 'Lefebvre', '2003-10-27', 'Suèdois');
INSERT INTO Chercheur (NSS, Nom, dateNaiss, nationalite) VALUES (766347574, 'Max-Liang Tan', '1977-11-05', 'Malaisien');
INSERT INTO Chercheur (NSS, Nom, dateNaiss, nationalite) VALUES (925310067, 'Trouverien', '1995-01-12', 'Suisse');
INSERT INTO Chercheur (NSS, Nom, dateNaiss, nationalite) VALUES (941042869, 'Varsovie', '2003-09-17', 'Pakistanais');

INSERT INTO Produit (Nprod, nomProd, prix, categorie) VALUES (1, 'Lit', 499, 'meuble');
INSERT INTO Produit (Nprod, nomProd, prix, categorie) VALUES (2, 'Lampe', 69, 'éclairage');
INSERT INTO Produit (Nprod, nomProd, prix, categorie) VALUES (3, 'Bureau', 270, 'décoration');
INSERT INTO Produit (Nprod, nomProd, prix, categorie) VALUES (4, 'TV', 1299, 'électronique');
INSERT INTO Produit (Nprod, nomProd, prix, categorie) VALUES (5, 'Peluche', 19, 'cosmétique');
INSERT INTO Produit (Nprod, nomProd, prix, categorie) VALUES (6, 'Rouge a Levre Louie Teton', 2710, 'cosmétique');
INSERT INTO Produit (Nprod, nomProd, prix, categorie) VALUES (8, 'Marteau', 9, 'bricolage');
INSERT INTO Produit (Nprod, nomProd, prix, categorie) VALUES (9, 'Scie', 23, 'bricolage');
INSERT INTO Produit (Nprod, nomProd, prix, categorie) VALUES (10, 'Cracbook', 4300, 'électronique');
INSERT INTO Produit (Nprod, nomProd, prix, categorie) VALUES (11, 'iPome', 809, 'électronique');
INSERT INTO Produit (Nprod, nomProd, prix, categorie) VALUES (12, 'Pineapple Watch', 459, 'électronique');
INSERT INTO Produit (Nprod, nomProd, prix, categorie) VALUES (13, 'Echo bot', 49, 'électronique');
INSERT INTO Produit (Nprod, nomProd, prix, categorie) VALUES (14, 'Casque Raser', 73, 'électronique');
INSERT INTO Produit (Nprod, nomProd, prix, categorie) VALUES (15, 'Switsh OLED', 369, 'électronique');
INSERT INTO Produit (Nprod, nomProd, prix, categorie) VALUES (16, 'Slip', 36, 'vetements');

INSERT INTO Brevet (Nbrev, intitule, date, pays) VALUES (1, 'Brevet1', '2020-11-05', 'USA');
INSERT INTO Brevet (Nbrev, intitule, date, pays) VALUES (2, 'Aki', '2020-12-04', 'Portugais');
INSERT INTO Brevet (Nbrev, intitule, date, pays) VALUES (3, 'Brevet3', '2020-09-03', 'Norvège');
INSERT INTO Brevet (Nbrev, intitule, date, pays) VALUES (4, 'Brevet4', '2020-08-02', 'Maroc');
INSERT INTO Brevet (Nbrev, intitule, date, pays) VALUES (5, 'Brevet5', '2000-07-20', 'France');
INSERT INTO Brevet (Nbrev, intitule, date, pays) VALUES (6, 'Pineapple', '2022-01-20', 'USA');
INSERT INTO Brevet (Nbrev, intitule, date, pays) VALUES (7, 'Amazonie', '1994-07-05', 'USA');
INSERT INTO Brevet (Nbrev, intitule, date, pays) VALUES (8, 'Raser', '2005-01-01', 'USA');
INSERT INTO Brevet (Nbrev, intitule, date, pays) VALUES (9, 'Miitendo', '1889-09-23', 'Japon');

INSERT INTO Invention (Nbrev, Nprod) VALUES (1, 3);
INSERT INTO Invention (Nbrev, Nprod) VALUES (1, 4);
INSERT INTO Invention (Nbrev, Nprod) VALUES (2, 8);
INSERT INTO Invention (Nbrev, Nprod) VALUES (2, 9);
INSERT INTO Invention (Nbrev, Nprod) VALUES (3, 1);
INSERT INTO Invention (Nbrev, Nprod) VALUES (3, 6);
INSERT INTO Invention (Nbrev, Nprod) VALUES (4, 2);
INSERT INTO Invention (Nbrev, Nprod) VALUES (5, 5);
INSERT INTO Invention (Nbrev, Nprod) VALUES (5, 16);
INSERT INTO Invention (Nbrev, Nprod) VALUES (6, 10);
INSERT INTO Invention (Nbrev, Nprod) VALUES (6, 11);
INSERT INTO Invention (Nbrev, Nprod) VALUES (6, 12);
INSERT INTO Invention (Nbrev, Nprod) VALUES (7, 13);
INSERT INTO Invention (Nbrev, Nprod) VALUES (8, 14);
INSERT INTO Invention (Nbrev, Nprod) VALUES (9, 15);

INSERT INTO Proprietaire (Nbrev, NSS) VALUES (1, 367814774);
INSERT INTO Proprietaire (Nbrev, NSS) VALUES (2, 394662471);
INSERT INTO Proprietaire (Nbrev, NSS) VALUES (3, 602098422);
INSERT INTO Proprietaire (Nbrev, NSS) VALUES (4, 941042869);
INSERT INTO Proprietaire (Nbrev, NSS) VALUES (5, 925310067);
INSERT INTO Proprietaire (Nbrev, NSS) VALUES (6, 394823672);
INSERT INTO Proprietaire (Nbrev, NSS) VALUES (7, 192827397);
INSERT INTO Proprietaire (Nbrev, NSS) VALUES (8, 766347574);
INSERT INTO Proprietaire (Nbrev, NSS) VALUES (9, 280204860);